Part Name,Sequence
CamR Promoter,ttgatcgggcacgtaagaggttccaactttcaccataatgaaataagatcactaccgggcgtattttttgagttatcgagattttcaggagctaaggaagctaaa
ECK120029600,ttcagccaaaaaacttaagaccgccggtcttgtccactaccttgcagtaatgcggtggacaggatcggcggttttcttttctcttctcaa
ECK120033737,ggaaacacagaaaaaagcccgcacctgacagtgcgggctttttttttcgaccaaagg
pheA-1,gacgaacaataaggcctcccaaatcggggggccttttttattgataacaaaa
ECK120034435,ctcggtaccaaattccagaaaagagacgctgaaaagcgtcttttttcgttttggtcc
ECK120033736,aacgcatgagaaagcccccggaagatcaccttccgggggcttttttattgcgc
ECK120010818,gtcagtttcacctgttttacgtaaaaacccgcttcggcgggtttttacttttgg
ECK125109870,ccaattattgaacaccctaacgggtgtttttttgtttctggtctccc
ECK120015440,tccggcaattaaaaaagcggctaaccacgccgctttttttacgtctgca
BBa_B0062-R,cagataaaaaaaatccttagctttcgctaaggatgatttct
ECK120010799,gttatgagtcaggaaaaaaggcgacagagtaatctgtcgccttttttctttgcttgcttt
ECK120010876,taaggttgaaaaataaaaacggcgctaaaaagcgccgttttttttgacggtggta
ECK120015170,acaattttcgaaaaaacccgcttcggcgggtttttttatagctaaaa
ECK120010869,taacgtaaaaacccgcttcggcgggtttttttatg
BBa_B0010,ccaggcatcaaataaaacgaaaggctcagtcgaaagactgggcctttcgttttatctgttgtttgtcggtgaacgctctc
ECK120017009,gatctaactaaaaaggccgctctgcggccttttttcttttcact
ECK120051401,cgcagatagcaaaaaagcgcctttagggcgcttttttacattggtgg
ECK120010855,gtaacaacggaaaccggccattgcgccggttttttttggcct
ECK120010850,agttaaccaaaaaggggggattttatctcccctttaatttttcct
thr,aaaaaagcccgcacctgacagtgcgggcttttttttt
ECK120035137,aggcgactgacgaaacctcgctccggcggggttttttgttatctgca
ECK120051382,caggcatcaaataaaacgaaaggctcagtcgaaagactgggcctttcgttttatctgttgtttg
ECK120035133,actgatttttaaggcgactgatgagtcgccttttttttgtct
tonB_P14,cctgttgagtaatagtcaaaagcctccggtcggaggcttttgactttctgcttac
ECK120023928,gctgatgccagaaagggtcctgaatttcagggccctttttttacatggattg
BBa_J61053,gcttgctgaggatcctaaagccccgaattttttataaattcggggctttttt
ECK120016882,tgtgaaaaagcccgcgcaagcgggtttttttatg
pyrBI, agcccctcaatcgaggggcttttttttgc
ECK120026481,taccaccgtcaaaaaaaacggcgctttttagcgccgtttttatttttcaacctt
ECK120015444,acatttaataaaaaaagggcggtcgcaagatcgcccttttttacgtatgaca
ECK120010782,acctgtaaaaaaggcagccatctggctgccttagtctcccca
ilvBN,aagacccccgcaccgaaaggtccgggggtttttttt
ECK120016586,aagaacgagtaaaaggtcggtttaaccggcctttttattttgtga
ECK120010797,cagtgaaaaatggcgcccatcggcgccatttttttatg
ECK120014970,tgaaaacgaaggccggagcatgctccggccttttttatctcttaca
ECK120015452,caacaatgacaagcggtggagatcttctctgccgctttttttttcat
ECK120010863,aagcacaaaagccagtctggaaacaggctggcttttttttgcg
ECK120010815,gttataagacaagggagcgataattcatcgctccctttttcgtgctt
ECK120010867,aaaaggattcgcggctctgctcttcagagctgcttttatgata
ECK120051383,caaattaagcagaaggccatcctgacggatggcctttttgcgtttcta
ECK120035134,ccgccttcacaaatgccgccactcaaacagagcggcatttttcttccccg
ECK120010822,tgcctcaattagcggctcatgtagccgctttttctgcgc
ECK120010856,ggcagcatgctgccaggtgatccccctggccacctctttt
ECK120010793,tacgtaaaaacccgcttcggcgggtttttacttt
ECK120015459,taatcattcttagcgtgaccgggaagtcggtcacgctacctcttctga
ECK120051385,cttattccataacaaagccgggtaattcccggctttgttgtatctgaac
ECK120010864,aataaatggatgccctgcgtaagcggggcatttttcttcct
ECK120010781,atcgaacaaagggcctgcgggcccttttttcattg
BBa_K088008,agaaacagcaaacaatccaaaacgccgcgttcagcggcgttttttctgcttttct
ECK120010846,cgtgttcctgaacgcccgcatatgcgggcgttttgctttttg
ECK120010840,tgctcgtaccaggcccctgcaatttcaacaggggcctttttttatcc
ECK120010868,aattccatcgggtccgaattttcggaccttttctccgc
ECK120010853,ttcctgatgtaatgccggatgaccttcgtgtcatccggcatttttcttttca
pheA_2,atgggaggcgtttcgtcgtgtgaaacagaatgcgaagacgaacaataaaggcctcccaaatcggggggcctttttt
ECK125108723,tagcgtaaaagcaaaacacaaatctatccatgcaagcattcaccgccggtttactggcggttttttttcgccgtcata
ECK120034950,gtgaagtaatacaaaacaggcccaggcggcctgttttgtctttttaatg
ECK120010825,atctcctttcacggcccattcctcatggatgggccgtttatttcccc
ECK120030221,cccgcacttaacccgcttcggcgggtttttgttttt
ECK120015454,caaacaatccaaaacgccgcgttcagcggcgttttttctgctttt
ECK120010865,ctctgcacaaacgccaccttttcggtggcgttttttatcg
ECK120010806,gatggctccgatggataaccagcgccgcttaagtcaggaa
ECK120020522,agcgtcaaaaggccggattttccggccttttttatta
ECK120010833,gcataatgacaaaaaagggcgctttcactagcgccttttttatttacgcgt
ECK120029341,tctgaatgcgtgcccattcctgacggaatgggcatttctgcgca
BBa_B0052,agaaatcatccttagcgaaagctaaggattttttttatctg
BBa_B0021,aaataataaaaaagccggattaataatctggctttttatattctct
ECK120011170,aacgagaaaagccaacctgcgggttggcttttttatgca
ECK120051408,gtcagtcgtcagacgccggttaatccggcgttttttttgacgcccac
ECK120034551,ctaatcttttcaacgcctggcactgccgggcgttgttctttttaacttcaggc
ECK120035136,aagtcgcaccaaaggggagcgggaaaccgctccccttttatatttagc
BBa_B0057,cagaaatcatccttagcgaaagctaaggattttttttatctg
ECK120029529,tgcttgattaaaaaggcgctactcggcatggggaagcgccttttttataggtgt
ECK120051400,tgaacaacatcgcgcttatcgttaaggtaagcgcgtattttttttacccgccag
ECK120020525,ttatataaagccccgatttatcggggttttttgtta
ECK120010851,atttgtaccgaaaaccccggggcgtgctccggggttttttcttatcaa
ECK120034436,atcaaataatgcctgatagcacatatcaggcgttgtcctca
ECK120010852,cattgtttgatggggctgaaaggccccatttttattgg
ECK120048898,tttaaagagcaaacccctcaaacgaggggttttttgttgttt
ECK120051404,cctctacctgcttcggccgataaagccgacgataatactcc
ECK120021270,gccagttgaaagagggagctagtctccctcttttcgtttc
ECK120030802,gcccggaccaggccgcaggggggaaactctgcggcctttttcgttcttact
ECK120010857,tgtaattagatttgactgaaatcgtacagtaaaaagcgtacaataaaggctccacgaaagtggggccttttttagcgcga
ECK125095454,atcaaaaaggagccgcctgagggcggcttctttttgtg
ECK120020622,cgagtttcagaaaagggggcctgagtggccccttttttcaagctgac
ECK120010874,tacgaataaacggctcagaaatgagccgtttattttttc
ECK120010783,acgagccaataaaaataccggcgttatgccggtatttttttacgaaaga
ECK120030671,aagttatgcgaaaatgccggtcttgttaccggcattttttatggagaa
ECK120010796,gaaacgaaccgggagcgctgtgaatacagtgctccctttttttatt
ECK125095211,ctctttgacgggccaatagcgatattggccatttttttagcgcaacat
ECK120010832,ggctcaaagacccgctgcggcgggtttttttgtct
ECK120030218,tattttttgggccggcatgatgccggcttttttttat
rpsO_pnp,aaaaggggcctgagtggccccttttttca
ECK120029531,atgcaggaaagcaggctggagctacccagcctgcagtgaaatta
ECK120020528,gttattaaatagcctgccatctggcaggctttttttatcg
BBa_B0061,aagtcaaaagcctccggtcggaggcttttgacttt
ECK120030798,agaataaattcaaccgcccgtcagggcggttgtcatatggag
ECK120015460,caaccatccgaaaccgctctcatccattcgatgagagcggtttttttaattac
frd_ampC,cggcccgcctatggcgggccgttttgtat
ECK120051403,gcctttcaaaagtaagcaacgtctgcttactgcccctctac
ECK120010790,tccctgtcttcccccacatgctgtgggggttttttttat
ECK120033262,gcactgatataacgggcctgatggcccgttttagtgtttg
ECK120010831,ggtattcattgcctgatgcgacgcttacgcgtcttatcatgcctacgggaacctga
ECK120033265,cacagaatctaagatccctgccatttggcggggatttttttatttgtt
ECK120010826,caagcactgcaaaaaacagccggacggttttcacctccggctatttttttaattgtgat
nusA_infB,ccccgatttatcggggttttttgttatctgactacagaataactgggctttaggcccttttttt
ECK120035132,ctcaccctaaccctctccccagaggggcgaggggaccgaccga
ECK120010834,tgtagttgtaaggccgtgcttccgaaaggaatgcgcggcttattttcgttt
ECK120010812,gggaagaggatagtctgccgtctccagactaataaaccgtt
ECK120030672,agtatgcacacgggcagcacgacgctgcccgatttttttgca
ECK120029599,tagcaacaaaaaagccgactcacttgcagtcggctttctcattttaa
trp,agcccgcctaatgagcgggctttttttt
ECK120010873,gttgccatttgccctccgctgcggcggggggcttttaaccggg
ECK120010841,aagcagagaaccctggatgagagtccggggtttttgttttt
BBa_B0051,aaagtcaaaagcctccgaccggaggcttttgactt
ECK120010805,ctatcctcttcccggtcccctatgccgggttttttttat
ECK125109867,gtattcgcgcaccccggtctagccggggtcattttttagtggctttt
ECK120030673,tattgattataaagggctttaatttttggcccttttatttttggt
ECK120034956,cgtctgcgtatggaacgtggtaacggttctactgaagattt
ECK120010780,tgatcatcaaggcttccttcgggaagcctttctacgtta
ECK120029530,atgaatgaacaaaaccctctgttactacagagggttttttatcttcaa
ECK120010784,gtaaaaatacagggctggaatcatccggcccttttttctgat
ECK120010798,ctaagcgggcaaaacctgaaaaaaattgcttgattcacgtcaggccgtttttttcaggtttttttttggagt
ECK120010830,gctgttcagatcactggtgcgcgcggagtcgccgccagtgagcaaacgctg
ECK125095455,gtgaattgtagctgacctgggacttgtacccgggtcggtatttttttgcttctggtcccgg
ECK120010800,agtttgttcgcccggtagttgtgacgctaccgggttcttttcga
ECK120048901,ttagtgcccagggttccctctcaccctaaccctctccccggtggggcgaggggactgaccgagcgc
ECK120034434,gctcataagtaaaaaacggcacctggtgccgtttttttgtctgaaac
ECK120010809,ccgtttaacacgttctggatgaaatccatatcgcgatagcgca
ECK120048902,gcgtaaaaaagcacctttttaggtgcttttttgtgg
ECK120035138,gaaccacctccttagcctgtgtaatctcccttacacgggcttattttttacgcgtaata
ECK120010821,gaagttcaagggcgcatctactgatgtgccttttttattt
ECK120030219,actattttctaaaggcgcttcggcgcctttttagtcagat
ECK120026395,gataaatcagaaacataaaggcgctttcgggtgcctttattatttccagtgaaac
ECK125109871,ccataaaaaagcgccattcagcgcctttttatcatcccctt
ECK120010827,ttccgctgaaggcgtaattgtttaaataacattacgccgcctggcctt
ECK120010849,atgaccttttgcaccgctttgcggtgctttcctggaag
ECK120029975,taagacgtggcgcatcaggcatcgtgcaccgaatgccggatgcggcgtgaacgc
ECK120010791,actgttattcggcgctccacggagcgcctttttttct
ECK120010819,agttttaacgaaggggtggtttcaccccttttgtctttct
ECK120048897,ccggctcattgcagcgaaataatcctctctttatctgctatacctggt
ECK120027937,gattttatgaaaaacggcctgcgggccgttttgttttgtctg
ECK120010802,aaggacaccagagcctgccaatggcaggctcagactgatga
tonB,agtcaaaagcctccgaccggaggcttttgactattact
ECK120010803,aaagtcaaaatgcccgatcgaggatcgggcatttttgtagc
ECK120010836,aagatgaacaaaactaaagcgccacaagggcgctttagtttgttttccggt
ECK120029528,atctctctacgccctcacccgtacagggtgagggcaataatcttt
pheST,agcctcccagtggaggctttttttgt
his,aaagcccccggaagatcaccttccgggggcttt
ECK120010813,cacaatgatgcccggttgcttttcacaaccgggcatttttttaac
ECK120015957,cctgtcctgatcgtttcctgaacgataaattgtga
ECK120010824,gcgcgggtaggcctgataagcgaagcgctatcaggcatttttcccta
BBa_B0053,tccggcaaaaaaacgggcaaggtgtcaccaccctgccctttttctttaaaaccgaaaagattacttcgcgtt
ECK120033127,tacttcttactcgcccatctgcaacggatgggcgaatttataccc
ECK120015448,gaggtgatttaaattcatccccggcggcaagccggggagatttcattacggca
ECK120010792,gtaagcagaaagtcaaaagcctccgaccggaggcttttgactattactcaac
ECK120015446,cagattgctgacaacgtgcgcgttgttcatgccgga
ECK120010843,ctgattatgaaaatgccgggatttattcccggcatttctgattgtta
ECK120010848,cagccctaatcagcgttgcaggataaagcaccgctcactcttcaac
ECK120010816,acggcttcccacgtcagaccaaaacgcgccaggtatttgcgtagccgatccgcgtcattgacgctggctttgccctggcgcgaaacgtcaaaaagctg
ECK120015439,actgcgttaagttataccgcctcggtcagttccggctgaggcgtttccactccctccgca
ECK120010845,aactccgctgttgccctgtttcagggcaattttgcaacc
ECK120010787,agtaagcgcgaatatgcctgatggtgcaacaccatcaggcatattaaattatgct
ECK120051405,aatcgcgttacggggaggaagttttttcagatactcccggaacgcctg
ECK120048899,taatcgcctcgccccggtatcgtgccggggctttttcactt
ECK120030220,ttacccgcaaagtgcgctgctgcttagcagcgcactgcttggtggg
BBa_B0060,aaaatcaaaggatcttcttgagatccttttttt
ECK120010807,ttaaagcaccttaattatcgtcgcattcagaacagtctggatgcgatgcgttaattctttcttt
ECK120026315,ctgcccttttccctgctcctggacggttttacccct
ECK120033264,cccaatgactacttccatgctcaacgcaaaactactaccaactgcgccatccgccgcagtggtcgtcgtgcgtgtggtggtggtcgtcggcaatgcgccgtagggactggaacaacacacgattccaaaaccccgccggcgcaaaccgggcggggtttttcgtttaag
ECK120051406,ccgtattaccccgcgccgggaatgcgcggccgccaattt
ECK125122040,taccatgtccttattgaccccgtatattacggggtcgtttttgtgcggaat
ECK120010844,agtcagaaagccgccgacatgctcggcggtttttctgaa
ECK120010779,ctgatgaaaaggtgccggatgatgtgaatcatccggcactggattatta
ECK120030670,taatcggatgcaggcaggggaagtgtctgtttaccctgcctggtctgatacg
ECK120015455,gtgtaagtttagccggataacgcgccagatccggcttacatctctg
ECK120015450,atgctttagtaagggcgcgacgtttgcgccctttgtaggccgg
ECK120015456,aaaaaatcacagggcagggaaacctgcccttgtttcagcg
ECK120010862,gctccgccgtcacggttgcaggaaagctaagggacttagcctgcggcggttttgtttggcttcag
ECK125108943,ctgaaatatccagcggatcaagaaaattcgttggatatttttt
ECK120035135,ctttcttttgcagcagactggcaggagtgcgagtctgctcgcataatca
ECK120015449,cgattgagccttccagtccttcgggactggaatttttttgtt
ECK120010842,ccgacgtaaaaagacggtaagtatcgctttcagtcttatgaatatcg
ECK125095210,gtttctcgcgcaggcgctgaaaatagcgcctgtttttatttc
ECK120034954,ggctggaaaacctggctcgtatgcgtaagcaggacattatttt
ECK120010788,gaacttgtaggcctgataagcgcagcgtatcaggcaatttttata
ECK120010860,tcaaacgaaaccaggctatactcaagcctggttttttgatgg
ECK120010801,cagtaatgctggcgcgccccctcgcgcctgaaaattac
ECK120015458,ctgagtgaactcccatgagcatagataactatgtgaatgggatgagcgaagg
ECK120034948,aataagcaataacggtacgacagctgtgtcgtgccgtttgttttttc
ECK120015453,aaacacgtaggcctgataagcgaagcgcatcaggcagttttgcgt
ECK125109037,ggcaataactcttttcgccgagcaggatgctcgcgaaaagaaactgtgatt
ECK125109868,agcaggaaagagtaaggctgaaccttcatgttcaaccttactctcatttac
ECK120010828,tgcgttattttcggcaccttttatgtagcgaaggtgccggaatatattct
ECK120010814,tgatgtaagtaaaagagccggcccaacggccggcttttttctggtaatct
ECK120034949,caaaataacaaaacccaccttaaggtgggtttcgccagagaa
ECK125108944,atattctgaaatatccagcggatcaagaaaattcgttggatat
ECK120010820,ctaagcgttgtccccagtggggatgtgacgaag
ECK120010829,gttatcggtgcagagcccgggcgaaccgggctttgttttgggtgt
ECK120010837,cgaataatccgattacggctacgcttctaatgttccccttgaatggagtcgaagaatgcgtaatcccacgctgtt
BBa_B0011,agagaatataaaaagccagattattaatccggcttttttattattt
ECK120015443,aatgatctgacgggggaacctcccccgttaaaaaaat
ECK120020526,cagaataactgggctttaggccctttttttatg
trp_t,gccgccagttccgctggcggcatttt
ECK120010839,ttaacccctaccccacgcgtacaaccgcgtggggagacgacgcg
ECK120030803,cttgaaaaataaagtattagcgttctgcgttaagacttttttcatgggt
ECK120051407,aataatttccgcgtcatgcttcacgccgcagatgcgttggctgcg
ECK120026312,ttctgtgctgtgccattgccgccagcgcattaatttcca
ECK120010866,taagaaaagcgagagttacagctctcacttatttgtt
tetA,ccctcttgataacccaagagggcatttttta
rplKAJL_rpoBC,ggcgtgagattggaatacaatttcgcgccttttgtt
ECK120015526,cgaaccgtaggtcggataaggcgctcgcgccgcatccgacaaatgtgttc
ECK120030801,agtaaaacccatgccggatgcgccagcatccggcataataccgattac
ECK120015445,ataacagaaaactcccccgcgagaagcgggggagtcgctggttaa
ECK120030800,aattattggcaaaaggcaaccacaggctgcctttttctttgactc
ECK120010810,cagccactgctctgaccacaagtaattgttcagattgataaaac
ECK120011168,ccggctggacaatgttaccgataacagttacccgtaacatttttaattctt
ECK120015451,atgctaaattgcccgatgcgctgcgcttatcgggccttcatggtt
ECK120048900,aggaaagtaagtgccggatatgaaatccggcacctgtcagact
ECK120033738,tttaatatgacaccggactccgttcctcgatggggtccggttgttttattcac
ECK120010847,aacagtaacttttccggcttcccgttcgtcagtacctcgggaagccgccaaccaggataaa
orfL,ccctcttgggttatcaagagggtcattatattt
ECK125109869,taaagaaactcgccggatgaaaagtcatccggcgtcatattact
ECK120010817,gggtaaaaaaatgcctgactgctttgtgcgatcaggcattctcgaatta
ECK120020527,ccgattatttacgcaaatttgcgtgccaaaattt
ECK120035131,aaaactccaggccgggtacggtgttttacgccgcatccggcattacaaaat
ECK120010838,acgcgtacaaccgcgtggggagacgacgcggatttttaact
ECK120027917,gtttaacggctctggcggagctcccaggctccgccagatttatttact
ECK120010785,agaaattgagattcatccactacttgcatggatgagtaatgattaat
ECK120029978,taaagtatgtatccccaaaataattcgagtcattgcatctgtggctagaagtatgaagggattaaccataa
ECK120010858-R,acaagaaaaaaggcacgtcatctgacgtgccttttttattt
ECK120026481-R,aaggttgaaaaataaaaacggcgctaaaaagcgccgttttttttgacggtggta
ECK120010835-R,cgcaaataaccaggagataaaaccgaccacggcaccaggcagtgaccatgtggtttcttcatcctcagtaa
ECK120015457-R,ctctggtagtcctggtaagacgcgaacagcgtcgcatcaggcatattgcca
ECK120010836-R,accggaaaacaaactaaagcgcccttgtggcgctttagttttgttcatctt
ECK120026314-R,tgtaagagataaaaaaggccggagcatgctccggccttcgttttca
ECK120010812-R,aacggtttattagtctggagacggcagactatcctcttccc
ECK120010832-R,agacaaaaaaacccgccgcagcgggtctttgagcc
ECK120011170-R,tgcataaaaaagccaacccgcaggttggcttttctcgtt
ECK120010841-R,aaaaacaaaaaccccggactctcatccagggttctctgctt
ECK120026315-R,aggggtaaaaccgtccaggagcagggaaaagggcag
ECK120020622-R,gtcagcttgaaaaaaggggccactcaggcccccttttctgaaactcg
ECK120015439-R,tgcggagggagtggaaacgcctcagccggaactgaccgaggcggtataacttaacgcagt
ECK120010825-R,ggggaaataaacggcccatccatgaggaatgggccgtgaaaggagat
ECK120010782-R,tggggagactaaggcagccagatggctgccttttttacaggt
ECK120017009-R,agtgaaaagaaaaaaggccgcagagcggcctttttagttagatc
ECK120010806-R,ttcctgacttaagcggcgctggttatccatcggagccatc
ECK120015446-R,tccggcatgaacaacgcgcacgttgtcagcaatctg
ECK120010804-R,aaaaatatgaatatattccggcgcttaatgccacgccggaacatatcgaaatgatg
ECK120029530-R,ttgaagataaaaaaccctctgtagtaacagagggttttgttcattcat
ECK120010813-R,gttaaaaaaatgcccggttgtgaaaagcaaccgggcatcattgtg
ECK120010793-R,aaagtaaaaacccgccgaagcgggtttttacgta
ECK120010856-R,aaaagaggtggccagggggatcacctggcagcatgctgcc
ECK120015458-R,ccttcgctcatcccattcacatagttatctatgctcatgggagttcactcag
ECK120015447-R,tttaaaagattatcgggagagttacctcccgatataaaaggaag
ECK120010861-R,tccatacaaaacggcccgccataggcgggccggatttacatt
ECK120010863-R,cgcaaaaaaaagccagcctgtttccagactggcttttgtgctt
ECK120010867-R,tatcataaaagcagctctgaagagcagagccgcgaatcctttt
ECK120010860-R,ccatcaaaaaaccaggcttgagtatagcctggtttcgtttga
ECK120010794-R,aaagcaaaaacccgccgaagcgggtttttacgta
ECK120034435-R,ggaccaaaacgaaaaaagacgcttttcagcgtctcttttctggaatttggtaccgag
ECK120010789-R,gggtcaaagaggcatgatgcgacgcttgttcctgcgctttgttcatgccggatgcggcta
ECK120010803-R,gctacaaaaatgcccgatcctcgatcgggcattttgacttt
ECK120010864-R,aggaagaaaaatgccccgcttacgcagggcatccatttatt
ECK120015526-R,gaacacatttgtcggatgcggcgcgagcgccttatccgacctacggttcg
ECK120010802-R,tcatcagtctgagcctgccattggcaggctctggtgtcctt
ECK120010874-R,gaaaaaataaacggctcatttctgagccgtttattcgta
ECK120010843-R,taacaatcagaaatgccgggaataaatcccggcattttcataatcag
ECK120048897-R,accaggtatagcagataaagagaggattatttcgctgcaatgagccgg
ECK120010851-R,ttgataagaaaaaaccccggagcacgccccggggttttcggtacaaat
ECK120021270-R,gaaacgaaaagagggagactagctccctctttcaactggc
ECK120011168-R,aagaattaaaaatgttacgggtaactgttatcggtaacattgtccagccgg
ECK120015170-R,ttttagctataaaaaaacccgccgaagcgggttttttcgaaaattgt
ECK120010781-R,caatgaaaaaagggcccgcaggccctttgttcgat
ECK120010815-R,aagcacgaaaaagggagcgatgaattatcgctcccttgtcttataac
ECK120010872-R,ataacaaaaaaccccgccggagcgaggttttttgtta
ECK120027917-R,agtaaataaatctggcggagcctgggagctccgccagagccgttaaac
ECK120030221-R,aaaaacaaaaacccgccgaagcgggttaagtgcggg
ECK120015449-R,aacaaaaaaattccagtcccgaaggactggaaggctcaatcg
ECK120030802-R,agtaagaacgaaaaaggccgcagagtttcccccctgcggcctggtccgggc
ECK120021269-R,tacaaaaaaagcctccactgggaggctttcaggcgc
ECK120030672-R,tgcaaaaaaatcgggcagcgtcgtgctgcccgtgtgcatact
ECK120010857-R,tcgcgctaaaaaaggccccactttcgtggagcctttattgtacgctttttactgtacgatttcagtcaaatctaattaca
ECK120023928-R,caatccatgtaaaaaaagggccctgaaattcaggaccctttctggcatcagc
ECK120015451-R,aaccatgaaggcccgataagcgcagcgcatcgggcaatttagcat
ECK120010824-R,tagggaaaaatgcctgatagcgcttcgcttatcaggcctacccgcgc
ECK120010844-R,ttcagaaaaaccgccgagcatgtcggcggctttctgact
ECK120010808-R,tataaacaaaaaaacccgacttcaccagtattctctggttatgtcaggttttgcctgcgaat
ECK120010833-R,acgcgtaaataaaaaaggcgctagtgaaagcgcccttttttgtcattatgc
ECK120010831-R,tcaggttcccgtaggcatgataagacgcgtaagcgtcgcatcaggcaatgaatacc
ECK120035131-R,attttgtaatgccggatgcggcgtaaaacaccgtacccggcctggagtttt
ECK120035132-R,tcggtcggtcccctcgcccctctggggagagggttagggtgag
ECK120010788-R,tataaaaattgcctgatacgctgcgcttatcaggcctacaagttc
ECK120020528-R,cgataaaaaaagcctgccagatggcaggctatttaataac
ECK120010798-R,actccaaaaaaaaacctgaaaaaaacggcctgacgtgaatcaagcaatttttttcaggttttgcccgcttag
ECK120010796-R,aataaaaaaagggagcactgtattcacagcgctcccggttcgtttc
ECK120010791-R,agaaaaaaaggcgctccgtggagcgccgaataacagt
ECK120020526-R,cataaaaaaagggcctaaagcccagttattctg
ECK120016882-R,cataaaaaaacccgcttgcgcgggctttttcaca
ECK120035135-R,tgattatgcgagcagactcgcactcctgccagtctgctgcaaaagaaag
ECK120015456-R,cgctgaaacaagggcaggtttccctgccctgtgatttttt
ECK120030670-R,cgtatcagaccaggcagggtaaacagacacttcccctgcctgcatccgatta
ECK120010800-R,tcgaaaagaacccggtagcgtcacaactaccgggcgaacaaact
ECK120010855-R,aggccaaaaaaaaccggcgcaatggccggtttccgttgttac
ECK120030801-R,gtaatcggtattatgccggatgctggcgcatccggcatgggttttact
ECK120010868-R,gcggagaaaaggtccgaaaattcggacccgatggaatt
ECK120015443-R,atttttttaacgggggaggttcccccgtcagatcatt
ECK120011169-R,catgactaaaaacagcagcagtaaaacagaccctactgctgttaaaacaagcg
ECK120033738-R,gtgaataaaacaaccggaccccatcgaggaacggagtccggtgtcatattaaa
ECK120010807-R,aaagaaagaattaacgcatcgcatccagactgttctgaatgcgacgataattaaggtgctttaa
ECK120010779-R,taataatccagtgccggatgattcacatcatccggcaccttttcatcag
ECK120010780-R,taacgtagaaaggcttcccgaaggaagccttgatgatca
ECK120020525-R,taacaaaaaaccccgataaatcggggctttatataa
ECK120029528-R,aaagattattgccctcaccctgtacgggtgagggcgtagagagat
ECK120010866-R,aacaaataagtgagagctgtaactctcgcttttctta
ECK120048899-R,aagtgaaaaagccccggcacgataccggggcgaggcgatta
ECK120026312-R,tggaaattaatgcgctggcggcaatggcacagcacagaa
ECK120010852-R,ccaataaaaatggggcctttcagccccatcaaacaatg
ECK120010786-R,aaaagcaaaagggccgcagatgcgacccttgtgtatca
L3S2P21,ctcggtaccaaattccagaaaagaggcctcccgaaaggggggccttttttcgttttggtcc
L3S2P56,ctcggtaccaaattttcgaaaaaagacgctgaaaagcgtcttttttcgttttggtcc
L3S2P51,ctcggtaccaaaaaaaaaaaaaaagacgctgaaaagcgtcttttttcgttttggtcc
L3S1P56,ttttcgaaaaaaggcctcccaaatcggggggccttttttattgataacaaaa
L3S3P41,aaaaaaaaaaaacaccctaacgggtgtttttttttttttggtctccc
L3S3P51,aaaaaaaaaaaacaccctaacgggtgtttttttgtttctggtctccc
L3S1P52,tctaactaaaaaggcctcccaaatcggggggccttttttattgataacaaaa
L3S2P41,ctcggtaccaaaaaaaaaaaaaaagacgctgaaaagcgtcttttttttttttggtcc
L3S2P22,ctcggtaccaaattccagaaaagaggccgcgaaagcggccttttttcgttttggtcc
L3S2P11,ctcggtaccaaattccagaaaagagacgctttcgagcgtcttttttcgttttggtcc
L3S2P55,ctcggtaccaaagacgaacaataagacgctgaaaagcgtcttttttcgttttggtcc
L3S3P21,ccaattattgaaggcctccctaacggggggcctttttttgtttctggtctccc
L3S3P56,ttttcgaaaaaacaccctaacgggtgtttttttgtttctggtctccc
L3S2P52,ctcggtaccaaatctaactaaaaagacgctgaaaagcgtcttttttcgttttggtcc
L3S1P51,aaaaaaaaaaaaggcctcccaaatcggggggccttttttattgataacaaaa
L3S2P13,ctcggtaccaaattccagaaaagagacgcttaacagcgtcttttttcgttttggtcc
L3S3P22,ccaattattgaaggccgctaacgcggcctttttttgtttctggtctccc
L3S1P53,ccaattattgaaggcctcccaaatcggggggccttttttattgataacaaaa
L3S3P00,ccaattattgaaggggagcgggaaaccgctcccctttttttgtttctggtctccc
L3S2P53,ctcggtaccaaaccaattattgaagacgctgaaaagcgtcttttttcgttttggtcc
L3S2P15,ctcggtaccaaattccagaaaagagacgcttttagagcgtcttttttcgttttggtcc
L3S2P31,ctcggtaccaaattccagaaaagagacgctgaaaagcgtcttttttttttttggtcc
L3S1P13,gacgaacaataaggcctccctaacggggggccttttttattgataacaaaa
L3S3P11,ccaattattgaacacccttcggggtgtttttttgtttctggtctccc
L3S3P23,ccaattattgaagacgcttaacagcgtctttttttgtttctggtctccc
L3S1P12,gacgaacaataaggcctcccgaaaggggggccttttttattgataacaaaa
L3S3P52,tctaactaaaaacaccctaacgggtgtttttttgtttctggtctccc
L3S3P12,ccaattattgaacacccgaaagggtgtttttttgtttctggtctccc
L3S1P41,aaaaaaaaaaaaggcctcccaaatcggggggccttttttttttttaacaaaa
L3S2P24,ctcggtaccaaattccagaaaagacacccgaaagggtgttttttcgttttggtcc
L3S2P14,ctcggtaccaaattccagaaaagagacgctaaatcagcgtcttttttcgttttggtcc
L3S1P54,ttccagaaaagaggcctcccaaatcggggggccttttttattgataacaaaa
L3S1P22,gacgaacaataaggccgcaaatcgcggccttttttattgataacaaaa
L3S2P00,ctcggtaccaaattccagaaaagaggggagcgggaaaccgctccccttttttcgttttggtcc
L3S1P47,ttttcgaaaaaaggcctcccaaatcggggggcctttttttatagcaacaaaa
L3S3P45,ttccagaaaagacaccctaacgggtgttttttcgtttttggtctccc
L3S2P44,ctcggtaccaaaccaattattgaagacgctgaaaagcgtctttttttgtttcggtcc
L3S3P54,ttccagaaaagacaccctaacgggtgtttttttgtttctggtctccc
L3S3P31,ccaattattgaacaccctaacgggtgtttttttttttttggtctccc
L3S1P11,gacgaacaataaggcctcccttcgggggggccttttttattgataacaaaa
L3S3P43,tctaactaaaaacaccctaacgggtgttttttcttttctggtctccc
L3S3P42,gaaaaataaaaacaccctaacgggtgtttttatttttctggtctccc
L3S2P42,ctcggtaccaaagaaaaataaaaagacgctgaaaagcgtctttttatttttcggtcc
L3S3P14,ccaattattgaacacccaaatcgggtgtttttttgtttctggtctccc
L3S2P43,ctcggtaccaaatctaactaaaaagacgctgaaaagcgtcttttttcttttcggtcc
L3S3P35,ccaattattgaacaccctaacgggtgttttttcgtttttggtctccc
L3S1P00,gacgaacaataaggggagcgggaaaccgctccccttttttattgataacaaaa
L3S3P47,ttttcgaaaaaacaccctaacgggtgtttttttatagctggtctccc
L3S1P42,gaaaaataaaaaggcctcccaaatcggggggcctttttatttttcaacaaaa
L3S3P15,ccaattattgaacaccctttaggggtgtttttttgtttctggtctccc
L3S2P47,ctcggtaccaaattttcgaaaaaagacgctgaaaagcgtctttttttatagcggtcc
L3S1P34,gacgaacaataaggcctcccaaatcggggggcctttttttgtttcaacaaaa
L3S2P34,ctcggtaccaaattccagaaaagagacgctgaaaagcgtctttttttgtttcggtcc
L3S3P33,ccaattattgaacaccctaacgggtgttttttcttttctggtctccc
L3S3P25,ccaattattgaagcggctaacgccgctttttttgtttctggtctccc
L3S2P33,ctcggtaccaaattccagaaaagagacgctgaaaagcgtcttttttcttttcggtcc
L3S3P55,gacgaacaataacaccctaacgggtgtttttttgtttctggtctccc
L3S3P32,ccaattattgaacaccctaacgggtgtttttatttttctggtctccc
L3S1P44,ccaattattgaaggcctcccaaatcggggggcctttttttgtttcaacaaaa
L3S1P43,tctaactaaaaaggcctcccaaatcggggggccttttttcttttcaacaaaa
L3S3P37,ccaattattgaacaccctaacgggtgtttttttatagctggtctccc
L3S2P37,ctcggtaccaaattccagaaaagagacgctgaaaagcgtctttttttatagcggtcc
L3S1P32,gacgaacaataaggcctcccaaatcggggggcctttttatttttcaacaaaa
L3S2P46,ctcggtaccaaagacgaacaataagacgctgaaaagcgtcttttttattgatggtcc
L3S1P31,gacgaacaataaggcctcccaaatcggggggccttttttttttttaacaaaa
L3S1P33,gacgaacaataaggcctcccaaatcggggggccttttttcttttcaacaaaa
L3S1P45,ttccagaaaagaggcctcccaaatcggggggccttttttcgttttaacaaaa
L3S2P36,ctcggtaccaaattccagaaaagagacgctgaaaagcgtcttttttattgatggtcc
L2U1H10,gggcggtcagatgatcgcccttttttttt
L2U1H09,acggccctagatagggccgtttttttttt
L3S1P15,gacgaacaataaggcctccctttagggggggccttttttattgataacaaaa
L3S1P35,gacgaacaataaggcctcccaaatcggggggccttttttcgttttaacaaaa
L1U1H11,cccgcttcggcgggttttttttt
L1U1H03,gatccagcccattcgtgggctggatcttttttttt
L3S1P23,gacgaacaataagacgctaaatcagcgtcttttttattgataacaaaa
L3S1P25,gacgaacaataagcggcaaatcgccgcttttttattgataacaaaa
L3S2P32,ctcggtaccaaattccagaaaagagacgctgaaaagcgtctttttatttttcggtcc
L3S3P46,gacgaacaataacaccctaacgggtgttttttattgattggtctccc
L2U1H07,aggcctcccagatggggggcctttttttttt
L1U4H02,cccgcatgccattcgtggcatgcgggttttctctg
L1U4H07,gatccagcttcggctggatcttttctctg
L1U4H11,cccgcttcggcgggttttctctg
L1U4H08,cccgcatgttcgcatgcgggttttctctg
L1U4H01,tcggttaccgcttcggcggtaaccgattttctctg
L1U4H06,tcggttacatgttcgcatgtaaccgattttctctg
L2U1H08,tgccgggaagattcccggcattttttttt
L2U1H12,cgcccgcagatgcgggcgttttttttt
L1U4H03,gatccagcccattcgtgggctggatcttttctctg
L1U4H04,cgacgatgccattcgtggcatcgtcgttttctctg
L1U4H09,cgacgatgttcgcatcgtcgttttctctg
L3S1P24,gacgaacaataacacccaaatcgggtgttttttattgataacaaaa
L1U4H05,cgacgataccattcgtggtatcgtcgttttctctg
L2U6H06,ctaaagcgcctaaccacggcgctttagttttttgta
L2U1H06,ctaaagcgccagatggcgctttagttttttttt
L2U2H09,acggccctcgcaagggccgtttttttgta
L2U6H09,acggcccttaaccacagggccgtttttttgta
L2U2H06,ctaaagcgcccgcaggcgctttagttttttgta
L1U1H07,gatccagcttcggctggatcttttttttt
L2U6H07,aggcctccctaaccacggggggcctttttttgta
L1U4H12,cgacgttcgcgtcgttttctctg
L1U1H08,cccgcatgttcgcatgcgggttttttttt
L2U7H07,aggcctcccgaacaggggggcctttttgcaac
L1U4H10,cgacgatattcgtatcgtcgttttctctg
L2U1H11,tagcgtgcagatgcacgctattttttttt
L1U2H03,gatccagcccattcgtgggctggatcttttttggg
L1U5H03,gatccagcccattcgtgggctggatctttattgtc
L2U4H09,acggccctcgcaagggccgtttttgcaac
L2U1H04,gccggagcggagatctgctccggcttttttttt
L1U3H07,gatccagcttcggctggatcttttgttgg
L2U6H12,cgcccgctaaccacgcgggcgttttttgta
L2U7H06,ctaaagcgccgaacaggcgctttagttttgcaac
L1U5H02,cccgcatgccattcgtggcatgcgggtttattgtc
L1U2H01,tcggttaccgcttcggcggtaaccgattttttggg
L1U5H07,gatccagcttcggctggatctttattgtc
L1U2H04,cgacgatgccattcgtggcatcgtcgttttttggg
L2U7H09,acggccctgaacaagggccgtttttgcaac
L1U5H09,cgacgatgttcgcatcgtcgtttattgtc
L2U2H12,cgcccgccgcagcgggcgttttttgta
L1U1H09,cgacgatgttcgcatcgtcgttttttttt
L1U5H01,tcggttaccgcttcggcggtaaccgatttattgtc
L2U2H11,tagcgtgccgcagcacgctattttttgta
L2U4H12,cgcccgccgcagcgggcgttttgcaac
L1U2H07,gatccagcttcggctggatcttttttggg
L2U4H10,gggcggtccgcagatcgcccttttgcaac
L2U3H09,acggccctcgcaagggccgttttgttgag
L1U5H08,cccgcatgttcgcatgcgggtttattgtc
L1U2H11,cccgcttcggcgggttttttggg
L1U5H04,cgacgatgccattcgtggcatcgtcgtttattgtc
L1U2H02,cccgcatgccattcgtggcatgcgggttttttggg
L1U5H06,tcggttacatgttcgcatgtaaccgatttattgtc
L1U1H06,tcggttacatgttcgcatgtaaccgattttttttt
L1U5H05,cgacgataccattcgtggtatcgtcgtttattgtc
L1U8H12,cgacgttcgcgtcgttaaaataa
L2U6H04,gccggagcggtaaccacctgctccggcttttttgta
L2U6H11,tagcgtgctaaccacgcacgctattttttgta
L2U2H10,gggcggtccgcagatcgcccttttttgta
L2U6H10,gggcggtctaaccacgatcgcccttttttgta
L2U2H07,aggcctccccgcaggggggcctttttttgta
L2U4H06,ctaaagcgcccgcaggcgctttagttttgcaac
L2U1H05,gccggatcggagatctgatccggcttttttttt
L1U1H01,tcggttaccgcttcggcggtaaccgattttttttt
L1U5H10,cgacgatattcgtatcgtcgtttattgtc
L1U2H08,cccgcatgttcgcatgcgggttttttggg
L1U2H05,cgacgataccattcgtggtatcgtcgttttttggg
L2U2H08,tgccgggacgcatcccggcattttttgta
L2U3H07,aggcctccccgcaggggggccttttgttgag
L2U6H08,tgccgggataaccactcccggcattttttgta
L2U6H05,gccggatcggtaaccacctgatccggcttttttgta
L1U3H03,gatccagcccattcgtgggctggatcttttgttgg
L2U1H03,tagcgtgaccggagattcggtcacgctattttttttt
L1U2H09,cgacgatgttcgcatcgtcgttttttggg
L1U5H12,cgacgttcgcgtcgtttattgtc
L1U1H04,cgacgatgccattcgtggcatcgtcgttttttttt
L1U3H02,cccgcatgccattcgtggcatgcgggttttgttgg
L1U2H06,tcggttacatgttcgcatgtaaccgattttttggg
L2U7H05,gccggatcgggaacactgatccggcttttgcaac
L1U1H02,cccgcatgccattcgtggcatgcgggttttttttt
L1U2H10,cgacgatattcgtatcgtcgttttttggg
L2U7H12,cgcccgcgaacagcgggcgttttgcaac
L1U1H05,cgacgataccattcgtggtatcgtcgttttttttt
L1U3H04,cgacgatgccattcgtggcatcgtcgttttgttgg
L1U3H05,cgacgataccattcgtggtatcgtcgttttgttgg
L2U3H12,cgcccgccgcagcgggcgtttgttgag
L2U2H04,gccggagcggcgcactgctccggcttttttgta
L1U3H06,tcggttacatgttcgcatgtaaccgattttgttgg
L1U3H11,cccgcttcggcgggttttgttgg
L1U3H08,cccgcatgttcgcatgcgggttttgttgg
L1U1H10,cgacgatattcgtatcgtcgttttttttt
L2U4H07,aggcctccccgcaggggggcctttttgcaac
L2U7H08,tgccgggagaacatcccggcattttgcaac
L2U4H11,tagcgtgccgcagcacgctattttgcaac
L2U3H06,ctaaagcgcccgcaggcgctttagtttgttgag
L2U7H10,gggcggtcgaacagatcgcccttttgcaac
L2U8H07,aggcctccctaaccacggggggcctttgttgtat
L1U2H12,cgacgttcgcgtcgttttttggg
L2U2H02,cctggtaagacgccgcagcgtcttatcaggttttttgta
L1U8H03,gatccagcccattcgtgggctggatcttaaaataa
L2U4H04,gccggagcggcgcactgctccggcttttgcaac
L2U3H11,tagcgtgccgcagcacgctatttgttgag
L2U7H02,cctggtaagacgcgaacagcgtcttatcaggttttgcaac
L1U7H08,cccgcatgttcgcatgcgggttatcaaaa
L1U3H09,cgacgatgttcgcatcgtcgttttgttgg
L2U2H05,gccggatcggcgcactgatccggcttttttgta
L2U4H08,tgccgggacgcatcccggcattttgcaac
L2U5H06,ctaaagcgccgaacaggcgctttagttgttgtat
L2U6H03,tagcgtgaccggtaaccactcggtcacgctattttttgta
L1U3H12,cgacgttcgcgtcgttttgttgg
L2U8H10,gggcggtctaaccacgatcgcccttgttgtat
L1U3H10,cgacgatattcgtatcgtcgttttgttgg
L2U2H01,cctggtaagacgccgcagcgtcgcatcaggttttttgta
L2U8H12,cgcccgctaaccacgcgggcgttgttgtat
L2U1H02,cctggtaagacgcagatgcgtcttatcaggttttttttt
L2U2H03,tagcgtgaccggcgcatcggtcacgctattttttgta
L2U3H04,gccggagcggcgcactgctccggctttgttgag
L2U3H08,tgccgggacgcatcccggcatttgttgag
L2U8H08,tgccgggataaccactcccggcattgttgtat
L2U4H01,cctggtaagacgccgcagcgtcgcatcaggttttgcaac
L2U3H03,tagcgtgaccggcgcatcggtcacgctatttgttgag
L2U7H11,tagcgtgcgaacagcacgctattttgcaac
L2U4H03,tagcgtgaccggcgcatcggtcacgctattttgcaac
L2U7H04,gccggagcgggaacactgctccggcttttgcaac
L1U8H09,cgacgatgttcgcatcgtcgttaaaataa
L2U5H05,gccggatcgggaacactgatccggcttgttgtat
L2U5H10,gggcggtcgaacagatcgcccttgttgtat
L2U5H12,cgcccgcgaacagcgggcgttgttgtat
L1U8H04,cgacgatgccattcgtggcatcgtcgttaaaataa
L1U6H08,cccgcatgttcgcatgcgggtttcaacaa
L1U7H01,tcggttaccgcttcggcggtaaccgattatcaaaa
L2U4H02,cctggtaagacgccgcagcgtcttatcaggttttgcaac
L2U3H10,gggcggtccgcagatcgccctttgttgag
L2U6H01,cctggtaagacgctaaccacgcgtcgcatcaggttttttgta
L1U7H04,cgacgatgccattcgtggcatcgtcgttatcaaaa
L2U3H01,cctggtaagacgccgcagcgtcgcatcaggtttgttgag
L2U8H02,cctggtaagacgctaaccacgcgtcttatcaggttgttgtat
L1U7H12,cgacgttcgcgtcgttatcaaaa
L1U8H11,cccgcttcggcgggttaaaataa
L2U7H03,tagcgtgaccgggaacatcggtcacgctattttgcaac
L1U8H05,cgacgataccattcgtggtatcgtcgttaaaataa
L2U5H02,cctggtaagacgcgaacagcgtcttatcaggttgttgtat
L1U6H02,cccgcatgccattcgtggcatgcgggtttcaacaa
L2U1H01,cctggtaagacgcagatgcgtcgcatcaggttttttttt
L2U5H04,gccggagcgggaacactgctccggcttgttgtat
L2U3H05,gccggatcggcgcactgatccggctttgttgag
L1U7H03,gatccagcccattcgtgggctggatcttatcaaaa
L1U6H04,cgacgatgccattcgtggcatcgtcgtttcaacaa
L2U5H08,tgccgggagaacatcccggcattgttgtat
L2U4H05,gccggatcggcgcactgatccggcttttgcaac
L1U6H01,tcggttaccgcttcggcggtaaccgatttcaacaa
L1U7H07,gatccagcttcggctggatcttatcaaaa
L1U8H07,gatccagcttcggctggatcttaaaataa
L1U6H07,gatccagcttcggctggatctttcaacaa
L1U7H06,tcggttacatgttcgcatgtaaccgattatcaaaa
L1U1H12,cgacgttcgcgtcgttttttttt
L2U3H02,cctggtaagacgccgcagcgtcttatcaggtttgttgag
L2U5H09,acggccctgaacaagggccgtttgttgtat
L1U8H08,cccgcatgttcgcatgcgggttaaaataa
L1U8H10,cgacgatattcgtatcgtcgttaaaataa
L1U7H09,cgacgatgttcgcatcgtcgttatcaaaa
L1U6H12,cgacgttcgcgtcgtttcaacaa
L2U5H07,aggcctcccgaacaggggggcctttgttgtat
L1U7H05,cgacgataccattcgtggtatcgtcgttatcaaaa
L1U8H02,cccgcatgccattcgtggcatgcgggttaaaataa
L2U6H02,cctggtaagacgctaaccacgcgtcttatcaggttttttgta
L1U8H06,tcggttacatgttcgcatgtaaccgattaaaataa
L2U8H05,gccggatcggtaaccacctgatccggcttgttgtat
L1U7H02,cccgcatgccattcgtggcatgcgggttatcaaaa
L1U8H01,tcggttaccgcttcggcggtaaccgattaaaataa
L1U7H11,cccgcttcggcgggttatcaaaa
L1U6H11,cccgcttcggcgggtttcaacaa
L1U6H06,tcggttacatgttcgcatgtaaccgatttcaacaa
L1U7H10,cgacgatattcgtatcgtcgttatcaaaa
L2U8H09,acggcccttaaccacagggccgtttgttgtat
L2U7H01,cctggtaagacgcgaacagcgtcgcatcaggttttgcaac
L2U8H01,cctggtaagacgctaaccacgcgtcgcatcaggttgttgtat
L1U6H09,cgacgatgttcgcatcgtcgtttcaacaa
L1U6H05,cgacgataccattcgtggtatcgtcgtttcaacaa
L1U6H03,gatccagcccattcgtgggctggatctttcaacaa
L2U5H03,tagcgtgaccgggaacatcggtcacgctattgttgtat
L2U8H04,gccggagcggtaaccacctgctccggcttgttgtat
L2U5H01,cctggtaagacgcgaacagcgtcgcatcaggttgttgtat
L2U8H03,tagcgtgaccggtaaccactcggtcacgctattgttgtat
L1U6H10,cgacgatattcgtatcgtcgtttcaacaa
L2U8H11,tagcgtgctaaccacgcacgctattgttgtat
L2U8H06,ctaaagcgcctaaccacggcgctttagttgttgtat
L2U5H11,tagcgtgcgaacagcacgctattgttgtat
